model_type,problem_type,input_type,accuracy,precision,recall,f1_score
SVR,classification,1_filter,0.6060606060606061,0.45232545232545235,0.6060606060606061,0.5076354947322689
