accuracy,precision,recall,f1_score,auc_roc
0.6981132075471698,0.6777246772591857,0.6981132075471698,0.6862356944014847,0.8208518062397373
