mae,mse,rmse,r2
0.5819391214622641,0.6270868635388241,0.791888163529942,0.5280562210417048
