accuracy,precision,recall,f1_score,auc_roc
0.7358490566037735,0.7302585604472397,0.7358490566037735,0.7312219227313568,0.8260899014778325
