mae,mse,rmse,r2
0.6833437253844064,0.8842684028854734,0.9403554662389502,0.33450213050851263
