mae,mse,rmse,r2
0.5333259960390487,0.5848807337081411,0.7647749562506222,0.5598204335705546
