mae,mse,rmse,r2
0.5822998352770535,0.6320034637585993,0.7949864550787009,0.5243560017861881
