model_type,problem_type,input_type,accuracy,precision,recall,f1_score
XGBoost,classification,PCA,0.8091603053435115,0.7882316656112057,0.8091603053435115,0.7854483550250262
