model_type,problem_type,input_type,accuracy,precision,recall,f1_score
SVM,classification,PCA,0.6464646464646465,0.5027113237639553,0.6464646464646465,0.5364843402579252
