model_type,problem_type,input_type,accuracy,precision,recall,f1_score
SVM,classification,PCA,0.6564885496183206,0.5784828244274809,0.6564885496183206,0.5395314286831328
