model_type,problem_type,input_type,mse,r2_score,pearson_corr
SVM,regression,PCA,10.540728496361938,-0.056652298161537384,0.039734251843548854
