model_type,problem_type,input_type,accuracy,precision,recall,f1_score
SVM,classification,PCA,0.732824427480916,0.7958726554574072,0.732824427480916,0.7560231756452505
