model_type,problem_type,input_type,mse,r2_score,pearson_corr
SVM,regression,PCA,9.252949532796933,-0.012708110617518864,0.0017698977369979467
