model_type,problem_type,input_type,accuracy,precision,recall,f1_score
SVC,classification,1_filter,0.6161616161616161,0.4809586548716983,0.6161616161616161,0.5199689199689199
