mae,mse,rmse,r2
0.650438776556051,0.7792316460905859,0.8827409847121555,0.4135524930875615
