model_type,problem_type,input_type,accuracy,precision,recall,f1_score
XGBoost,classification,PCA,0.6464646464646465,0.48047485160887227,0.6464646464646465,0.5232448710709581
