accuracy,balanced_accuracy,precision,recall,f1_score,auc_roc
0.7358490566037735,0.6048166392993979,0.7312361854117948,0.7358490566037735,0.7323899371069184,0.8547653256704981
