mae,mse,rmse,r2
0.773518,0.95851725,0.97903895,0.2783808708190918
