mae,mse,rmse,r2
0.6850417256355286,0.8199118375778198,0.9054898329511049,0.38293665647506714
