accuracy,precision,recall,f1_score,balanced_accuracy,auc_roc
0.6981132075471698,0.6606781514902925,0.6981132075471698,0.6787510538709771,0.4865900383141762,0.8347359058565954
