accuracy,precision,recall,f1_score,auc_roc
0.7169811320754716,0.7141509433962264,0.7169811320754716,0.715288556787071,0.7995525451559935
