accuracy,precision,recall,f1_score,auc_roc
0.7358490566037735,0.7301886792452831,0.7358490566037735,0.7319475535657178,0.8442521893814997
