accuracy,precision,recall,f1_score,auc_roc
0.6625,0.6503740065451146,0.6625,0.6548705858747994,0.7970210690341504
