accuracy,precision,recall,f1_score,auc_roc
0.6981132075471698,0.6930817610062894,0.6981132075471698,0.6945314998401024,0.8385423508483854
